School name,Adress school,ZC school,Bicimad station,Bicimad adress,Distance
Colegio Público Adolfo Suárez,CALLE INFANTA CATALINA MICAELA 31,28050,249 - Manuel Caldeiro,Paseo de la Castellana nº 298,3796.394239895589
Colegio Público Agustina Díez,CALLE VESUBIO 5,28038,226 - Sierra Toledana,Camino de Valderribas nº 94,1932.123856524612
Colegio Público Agustín Rodriguez Sahagún,CALLE LA GRANJA DE SAN ILDEFONSO 17,28031,221 - Pavones,Calle Hacienda de Pavones nº 342,3856.153930695459
Colegio Público Alberto Alcocer,AVENIDA CANILLEJAS A VICALVARO 56,28022,215 - Gutierre de Cetina,Calle Gutierre de Cetina nº 77,3253.471116721979
Colegio Público Alcalde de Móstoles,CALLE ALDEANUEVA DE LA VERA 9,28044,224 - Caramuel,Calle Caramuel nº 51,6261.761114560321
Colegio Público Alfonso X El Sabio,CALLE FUENTE DE SAN PEDRO 6,28032,221 - Pavones,Calle Hacienda de Pavones nº 342,3460.1728042129967
Colegio Público Alfredo di Stefano,calle felix candela 4,28022,215 - Gutierre de Cetina,Calle Gutierre de Cetina nº 77,3253.471116721979
Colegio Público Alhambra,CALLE RAMON GOMEZ DE LA SERNA 103,28035,261 - Facultad Derecho,Avenida Complutense nº 23,3619.24849088828
Colegio Público Amadeo Vives,CALLE LOS YEBENES 6,28047,224 - Caramuel,Calle Caramuel nº 51,3267.1469473734955
Colegio Público Amador de los Ríos,PASEO MARQUES DE ZAFRA 16,28028,184 - Marqués de Zafra,Paseo Marqués de Zafra nº 24,143.12032191395036
Colegio Público Amós Acero,CALLE RODRIGUEZ ESPINOSA 54,28053,227 - Concordia,Calle Arroyo del Olivar nº 6,468.28926332569415
Colegio Público Angel Nieto,AVENIDA LAS SUERTES 109,28051,221 - Pavones,Calle Hacienda de Pavones nº 342,6818.125902219959
Colegio Público Antonio Fontan,AVENIDA SANTUARIO DE VALVERDE 71,28049,217 - Pedro Rico,Calle Pedro Rico nº 4,3446.5490646603603
Colegio Público Antonio Machado,CALLE ALLARIZ 3,28044,212 - Marqués de Vadillo,Glorieta Marqués de Vadillo nº 9,5419.6093479345955
Colegio Público Antonio Moreno Rosales,CALLE OLMO 4,28012,43 - Jesús y María,Calle Lavapiés nº 34,200.38835371541492
Colegio Público Antonio de Nebrija,CALLE JUAN JOSE MARTINEZ SECO 77,28021,235 - Embajadores 191,Calle Sodio nº 1B,4188.401541398562
Colegio Público Aragón,AVENIDA RAFAEL ALBERTI 2,28038,221 - Pavones,Calle Hacienda de Pavones nº 342,935.500419764518
Colegio Público Aravaca,CALLE ESTUDIO 6,28023,261 - Facultad Derecho,Avenida Complutense nº 23,6372.656651467286
Colegio Público Arcipreste de Hita,CALLE ANTONIO MORENO 25,28025,212 - Marqués de Vadillo,Glorieta Marqués de Vadillo nº 9,1799.9096745035881
Colegio Público Arquitecto Gaudí,CALLE ROSA JARDON 10,28016,254 - Pío XII,Avenida Pío XII nº 3,1057.1744527610147
Colegio Público Asturias,CALLE ASTURIANOS 2,28018,221 - Pavones,Calle Hacienda de Pavones nº 342,2119.2807233443573
Colegio Público Ausias March,CALLE ESTEFANITA 9,28021,235 - Embajadores 191,Calle Sodio nº 1B,5289.300378147228
Colegio Público Azorín,CALLE GODELLA 57,28021,235 - Embajadores 191,Calle Sodio nº 1B,5173.436399212961
Colegio Público Barcelona,AVENIDA LA VERBENA DE LA PALOMA 14,28041,213 - Glorieta de Cádiz,Calle Antonio López nº 129,3427.3505816925726
Colegio Público Blas de Lezo,CALLE FROMISTA 27,28050,217 - Pedro Rico,Calle Pedro Rico nº 4,3838.0183852288733
Colegio Público Blas de Otero,CALLE PUENTELARRA 34,28031,221 - Pavones,Calle Hacienda de Pavones nº 342,3300.764619100177
Colegio Público Bolivia,CALLE VILLAVALIENTE 29,28011,224 - Caramuel,Calle Caramuel nº 51,2386.4283978538424
Colegio Público Bravo Murillo,CALLE ISLAS CIES 11,28035,239 - Francos Rodríguez,Calle Francos Rodríguez nº 62,2875.6952380731736
Colegio Público Breogán,CALLE GINZO DE LIMIA 2,28029,207 - Remonta,Calle Azucenas nº 1,1490.7085619072027
Colegio Público Calderón de la Barca,CALLE CALDERON 2,28042,215 - Gutierre de Cetina,Calle Gutierre de Cetina nº 77,7824.138677173783
Colegio Público Camilo José Cela,CALLE MELCHOR FERNANDEZ ALMAGRO 22,28029,217 - Pedro Rico,Calle Pedro Rico nº 4,1415.1398946762756
Colegio Público Capitán Cortés,CALLE MONSEÑOR OSCAR ROMERO 17,28025,212 - Marqués de Vadillo,Glorieta Marqués de Vadillo nº 9,3507.7411369123624
Colegio Público Cardenal Herrera Oria,CALLE FERMIN CABALLERO 68,28034,217 - Pedro Rico,Calle Pedro Rico nº 4,2528.1947370351936
Colegio Público Carlos Sáinz de los Terreros,CALLE CARTAMA 1,28018,221 - Pavones,Calle Hacienda de Pavones nº 342,1801.027426700421
Colegio Público Carlos V,CALLE VIRGEN DEL VAL 3,28027,189 - Avenida Donostiarra,Calle Virgen de la Alegría nº 18,264.91304747392593
Colegio Público Carmen Cabezuelo,CALLE CANGAS DE ONIS 7,28037,215 - Gutierre de Cetina,Calle Gutierre de Cetina nº 77,1357.0722648703202
Colegio Público Carmen Laforet,CALLE TITANIO 16,28032,221 - Pavones,Calle Hacienda de Pavones nº 342,3971.5649790870275
Colegio Público Cervantes,CALLE RAIMUNDO FERNANDEZ VILLAVERDE 4,28003,132 - Glorieta de los Cuatro Caminos,Calle Santa Engracia nº 168,67.54714034971013
Colegio Público Ciudad Pegaso,AVENIDA SEPTIMA 12,28022,215 - Gutierre de Cetina,Calle Gutierre de Cetina nº 77,5174.80324696195
Colegio Público Ciudad de Badajoz,CALLE FRAY JOSE CERDEIRIÑA 51,28024,224 - Caramuel,Calle Caramuel nº 51,6277.747282976316
Colegio Público Ciudad de Córdoba,CALLE LILLO 1,28041,213 - Glorieta de Cádiz,Calle Antonio López nº 129,2956.0633215564953
Colegio Público Ciudad de Guadalajara,CALLE BERGANTIN 13,28042,215 - Gutierre de Cetina,Calle Gutierre de Cetina nº 77,7063.603090606186
Colegio Público Ciudad de Jaén,CALLE MADRE ROSA BLANCO 3,28041,213 - Glorieta de Cádiz,Calle Antonio López nº 129,1825.2118679554835
Colegio Público Ciudad de Roma,CALLE JUAN ESPLANDIU 2,28007,182 - Parque Roma,Calle Alcalde Sáinz de Baranda frente al nº 107,318.44890449749033
Colegio Público Ciudad de Valencia,AVENIDA MEDITERRANEO 91,28007,221 - Pavones,Calle Hacienda de Pavones nº 342,3763.0969158662856
Colegio Público Ciudad de Zaragoza,CALLE MANUEL AGUILAR MUÑOZ 1,28042,215 - Gutierre de Cetina,Calle Gutierre de Cetina nº 77,6513.363527287541
Colegio Público Ciudad de los Ángeles,CALLE LA ALEGRIA DE LA HUERTA 6,28041,213 - Glorieta de Cádiz,Calle Antonio López nº 129,3735.4002673667296
Colegio Público Claudio Moyano,CALLE CEA BERMUDEZ 26,28003,202 - Parque Santander,Calle Santander esquina con Avenida de Filipinas,256.1067806826444
Colegio Público Complejo Escolar Príncipe Felipe,AVENIDA MONFORTE DE LEMOS 24,28029,217 - Pedro Rico,Calle Pedro Rico nº 4,1403.0044338827388
Colegio Público Concepción Arenal,CALLE ANTONIO LOPEZ 1,28019,212 - Marqués de Vadillo,Glorieta Marqués de Vadillo nº 9,194.72665227689615
Colegio Público Concha Espina,CALLE GERARDO DIEGO 6,28018,221 - Pavones,Calle Hacienda de Pavones nº 342,1931.0802039968896
Colegio Público Conde de Romanones,CALLE ELFO 143,28027,229 - C.D. Concepción,Calle Jose del Hierro nº 5,673.1614668390179
Colegio Público Cortes de Cádiz,AVENIDA NICETO ALCALA ZAMORA 48,28050,249 - Manuel Caldeiro,Paseo de la Castellana nº 298,3927.098731788499
Colegio Público Costa Rica,CALLE CAMARENA 247,28047,224 - Caramuel,Calle Caramuel nº 51,4037.597027923086
Colegio Público Cristóbal Colón,CARRETERA CARABANCHEL A VILLAVERDE 109,28041,213 - Glorieta de Cádiz,Calle Antonio López nº 129,4346.754164006809
Colegio Público Cuba,CALLE TEMBLEQUE 58,28024,224 - Caramuel,Calle Caramuel nº 51,3987.112833294252
Colegio Público Daniel Vázquez Díaz,CALLE ARMENTEROS 46,28039,239 - Francos Rodríguez,Calle Francos Rodríguez nº 62,1056.047417217504
Colegio Público Dionisio Ridruejo,CALLE ZIPAQUIRA 14,28033,230 - Carlota O’Neill,Calle Carlota O'Neill nº 32,3637.763929020095
Colegio Público Doctor Conde Arruga,CALLE HACIENDA DE PAVONES 105,28030,219 - Marroquina,Calle Camino de los Vinateros nº 108,604.2911006433236
Colegio Público Doctor Federico Rubio,AVENIDA DOCTOR FEDERICO RUBIO Y GALI 53,28039,237 - Pablo Iglesias,Calle Francisco Balseiro nº 1,152.4713275646949
Colegio Público Doctor Severo Ochoa,CALLE EZCARAY 3,28032,221 - Pavones,Calle Hacienda de Pavones nº 342,2581.152144712134
Colegio Público Doctor Tolosa Latour,CALLE ASTURIANOS 4,28018,221 - Pavones,Calle Hacienda de Pavones nº 342,2205.426311884376
Colegio Público Dámaso Alonso,AVENIDA ESPINELA 1,28021,213 - Glorieta de Cádiz,Calle Antonio López nº 129,4875.73507656835
Colegio Público EEUU - Huarte de San Juan,PASEO COMANDANTE FORTEA 71,28008,112 - Paseo de Moret,Paseo de Moret nº 11,1099.3995463228262
Colegio Público Eduardo Rojo,CALLE EDUARDO ROJO 5,28018,227 - Concordia,Calle Arroyo del Olivar nº 6,793.727577173699
Colegio Público El Espinillo,CALLE UNANIMIDAD 1,28041,235 - Embajadores 191,Calle Sodio nº 1B,3099.1806796793644
Colegio Público El Greco,CALLE ESTEFANITA 7,28021,235 - Embajadores 191,Calle Sodio nº 1B,5166.2675510652725
Colegio Público El Madroño,CALLE LAS MARISMAS 14,28038,220 - Plaza del Encuentro,Calle Arroyo de las Pilillas nº 6,572.5640031775744
Colegio Público El Quijote,CALLE FUENTIDUEÑA 4,28031,221 - Pavones,Calle Hacienda de Pavones nº 342,3078.9116280381995
Colegio Público El Sol,AVENIDA CANILLEJAS A VICALVARO 82,28022,215 - Gutierre de Cetina,Calle Gutierre de Cetina nº 77,3330.4448231947636
Colegio Público Emilia Pardo Bazán,CALLE VENTORRILLO 14,28005,46 - Ribera de Curtidores,Calle Ribera de Curtidores nº 28,241.45211113976848
Colegio Público Ermita del Santo,PASEO ERMITA DEL SANTO 18,28011,223 - Ermita Santo,Paseo de la Ermita del Santo nº 48,470.2865125686644
Colegio Público Escuelas Aguirre,CALLE PIO BAROJA 4,28009,83 - Pío Baroja,Calle Pío Baroja nº 10,140.63588010126927
Colegio Público Escuelas Bosque,AVENIDA SANTO ANGEL DE LA GUARDA 4,28039,239 - Francos Rodríguez,Calle Francos Rodríguez nº 62,564.5788257317632
Colegio Público Esperanza,CALLE ANDORRA 12,28043,230 - Carlota O’Neill,Calle Carlota O'Neill nº 32,2006.0594493609356
Colegio Público Eugenio María de Hostos,CALLE VALDEVARNES 26,28039,239 - Francos Rodríguez,Calle Francos Rodríguez nº 62,1761.4127015297333
Colegio Público Felipe II,AVENIDA ASTURIAS 70,28029,207 - Remonta,Calle Azucenas nº 1,1122.2086927975988
Colegio Público Fernando el Católico,CALLE FERNANDO EL CATOLICO 16,28015,127 - Fernando el Católico,Calle Fernando el Católico nº 19,147.74155175127538
Colegio Público Fernández de Moratín,AVENIDA VALLADOLID 2,28008,112 - Paseo de Moret,Paseo de Moret nº 11,717.0767108932286
Colegio Público Filósofo Séneca,CALLE SANTA ADELA 21,28033,254 - Pío XII,Avenida Pío XII nº 3,3604.775343316063
Colegio Público Fontarrón,CALLE ARROYO FONTARRON 24,28030,221 - Pavones,Calle Hacienda de Pavones nº 342,595.707530130683
Colegio Público Francisco Arranz,CALLE SONDICA 2,28044,224 - Caramuel,Calle Caramuel nº 51,5380.628144711587
Colegio Público Francisco Fatóu,CAMINO SUERTE 23,28031,221 - Pavones,Calle Hacienda de Pavones nº 342,3258.3138539569195
Colegio Público Francisco Ruano,CALLE ALMURADIEL 150,28053,180 - Méndez Álvaro,Calle Retama nº 5,1586.0389815049086
Colegio Público Francisco de Goya,CALLE ANTILLON 23,28011,224 - Caramuel,Calle Caramuel nº 51,243.1517576340674
Colegio Público Francisco de Luis,CALLE CORREGIDOR RODRIGO RODRIGUEZ 5,28030,218 - Camino Vinateros,Calle Camino de los Vinateros nº 28,336.7530661815207
Colegio Público Francisco de Quevedo,CALLE GRANADA 16,28007,79 - Puerta de Granada,Avenida de Menéndez Pelayo nº 38,126.55610683034598
Colegio Público Fray Junípero Serra,CAMINO VALDERRIBAS 120,28038,226 - Sierra Toledana,Camino de Valderribas nº 94,505.5330399443569
Colegio Público Gabriela Mistral,CALLE MIRALLOS 3,28050,249 - Manuel Caldeiro,Paseo de la Castellana nº 298,3727.7786904188447
Colegio Público Gandhi,CALLE GANDHI 10,28017,215 - Gutierre de Cetina,Calle Gutierre de Cetina nº 77,830.9652051297879
Colegio Público Garcilaso de la Vega,CALLE TREFACIO 18,28043,230 - Carlota O’Neill,Calle Carlota O'Neill nº 32,3076.4177026860816
Colegio Público García Morente,RONDA SUR 229,28053,227 - Concordia,Calle Arroyo del Olivar nº 6,2278.5255709487733
Colegio Público Giner de los Ríos,CALLE MEMBEZAR 25,28053,227 - Concordia,Calle Arroyo del Olivar nº 6,1616.9256307486462
Colegio Público Gloria Fuertes,CALLE CENSO 3,28041,213 - Glorieta de Cádiz,Calle Antonio López nº 129,2255.252676765559
Colegio Público Gonzalo Fernández de Córdoba,CALLE ADANERO 3,28024,224 - Caramuel,Calle Caramuel nº 51,5904.140415289317
Colegio Público Gonzalo de Berceo,AVENIDA ABRANTES 5,28025,212 - Marqués de Vadillo,Glorieta Marqués de Vadillo nº 9,1623.1592725553533
Colegio Público Guindalera,CALLE BOSTON 3,28028,241 - Camilo José Cela,Avenida de Camilo José Cela nº 23,103.18422075042622
Colegio Público Gustavo Adolfo Bécquer,CALLE SANTA GENOVEVA 32,28017,234 - Marqués de Corbera 52,Avenida Marqués de Corbera nº 52,329.8031144648941
Colegio Público Haití,CALLE GUABAIRO 22,28047,224 - Caramuel,Calle Caramuel nº 51,3246.7583307813006
Colegio Público Hermanos Pinzón,CALLE AZOR 4,28024,224 - Caramuel,Calle Caramuel nº 51,4643.521399039749
Colegio Público Hernán Cortés,CALLE LOS YEBENES 241,28047,224 - Caramuel,Calle Caramuel nº 51,3230.1238985995265
Colegio Público Honduras,PASEO FEDERICO GARCIA LORCA 19,28031,221 - Pavones,Calle Hacienda de Pavones nº 342,2951.8771122375283
Colegio Público Hortaleza,CALLE VALDETORRES DE JARAMA 1,28043,230 - Carlota O’Neill,Calle Carlota O'Neill nº 32,3201.685935952028
Colegio Público Ignacio Zuloaga,CALLE ALEJANDRO RODRIGUEZ 34,28039,239 - Francos Rodríguez,Calle Francos Rodríguez nº 62,394.37269039035726
Colegio Público Infanta Leonor,CALLE MONASTERIO DE EL PAULAR 140,28049,217 - Pedro Rico,Calle Pedro Rico nº 4,3293.1994903044433
Colegio Público Isaac Albéniz,CALLE DRACENA 29,28016,254 - Pío XII,Avenida Pío XII nº 3,987.7896122389847
Colegio Público Isaac Peral,GLORIETA RUFINO NOVALVOS 5,28025,212 - Marqués de Vadillo,Glorieta Marqués de Vadillo nº 9,2080.3007780779353
Colegio Público Isabel la Católica,CALLE BARCELO 2,28004,54 - Barceló,Calle Barceló nº 7,78.21756507435617
Colegio Público Jaime Balmes,CALLE SIERRA DE LA SOLANA 2,28053,227 - Concordia,Calle Arroyo del Olivar nº 6,851.4809763963415
Colegio Público Jaime Vera,CALLE BRAVO MURILLO 162,28020,205 - Estrecho,Calle Navarra nº 1,119.02399567844044
Colegio Público Javier de Miguel,CALLE JAVIER DE MIGUEL 90,28018,227 - Concordia,Calle Arroyo del Olivar nº 6,1293.4742436109564
Colegio Público Joaquín Costa,PASEO PONTONES 8,28005,236 - Paseo Imperial,Paseo Imperial nº 20,377.551558633584
Colegio Público Joaquín Dicenta,PASEO OLIVOS 70,28011,224 - Caramuel,Calle Caramuel nº 51,1165.919891387541
Colegio Público Joaquín Turina,CALLE ARTURO SORIA 332,28033,249 - Manuel Caldeiro,Paseo de la Castellana nº 298,2123.147044361992
Colegio Público Jorge Guillén,AVENIDA EL FERROL 47,28029,207 - Remonta,Calle Azucenas nº 1,1791.6291464730953
Colegio Público Jorge Manrique,PLAZA PINTOR LUCAS 17,28026,228 - San Delfín,Calle San Delfín nº 9,747.7660121207576
Colegio Público Josep Tarradellas,CALLE TRIACASTELA 1,28050,249 - Manuel Caldeiro,Paseo de la Castellana nº 298,3764.0869200424418
Colegio Público José Bergamín,CALLE BRAILLE 19,28034,217 - Pedro Rico,Calle Pedro Rico nº 4,1815.0663802992772
Colegio Público José Calvo Sotelo,AVENIDA CIUDAD DE BARCELONA 83,28007,78 - Pedro Bosch,Calle Cerro de la Plata nº 2,70.93320407162952
Colegio Público José María de Pereda,CALLE MESTANZA 94,28053,180 - Méndez Álvaro,Calle Retama nº 5,1374.268773035978
Colegio Público José Ortega y Gasset,CALLE ORENSE 87,28020,207 - Remonta,Calle Azucenas nº 1,383.80087735675227
Colegio Público José de Echegaray,CALLE PUENTEDEY 14,28051,221 - Pavones,Calle Hacienda de Pavones nº 342,4218.226594150505
Colegio Público Jovellanos,CALLE MONROY 34,28044,224 - Caramuel,Calle Caramuel nº 51,6927.774621509968
Colegio Público Juan Gris,CALLE MUELA DE SAN JUAN 31,28031,221 - Pavones,Calle Hacienda de Pavones nº 342,3637.406154585057
Colegio Público Juan Ramón Jiménez,CALLE MARQUES DE VIANA 58,28039,206 - Metro Tetuán,Calle Marqués de Viana nº 3,550.0274554005097
Colegio Público Juan Sebastián Elcano,CALLE MIRASIERRA 29,28026,222 - Antonio López,Calle Eugenio Caxes frente al nº 12,383.9596016233707
Colegio Público Juan Zaragüeta,CALLE VIA DE LOS POBLADOS 19,28033,230 - Carlota O’Neill,Calle Carlota O'Neill nº 32,3742.639801565131
Colegio Público Juan de la Cierva,CALLE VILLARROSA 7,28041,235 - Embajadores 191,Calle Sodio nº 1B,3876.454942668383
Colegio Público Julián Besteiro,AVENIDA ABRANTES 79,28025,212 - Marqués de Vadillo,Glorieta Marqués de Vadillo nº 9,2348.7332255045844
Colegio Público Julián Marías,CALLE BUDAPEST 11,28022,215 - Gutierre de Cetina,Calle Gutierre de Cetina nº 77,4294.6228961605875
Colegio Público La Alameda,CALLE MUSAS 9,28022,215 - Gutierre de Cetina,Calle Gutierre de Cetina nº 77,3737.4223015510656
Colegio Público La Dehesa del Príncipe,PASEO LANCEROS 4,28024,224 - Caramuel,Calle Caramuel nº 51,7996.763278341972
Colegio Público La Latina,CALLE MAQUEDA 130,28024,224 - Caramuel,Calle Caramuel nº 51,4363.444762726688
Colegio Público La Rioja,CALLE LEON FELIPE 3,28038,221 - Pavones,Calle Hacienda de Pavones nº 342,1386.834811604341
Colegio Público Legado Crespo,PASEO ACACIAS 2,28005,47 - Embajadores 1,Glorieta de Embajadores nº 6,121.5746503871128
Colegio Público Leopoldo Alas,CALLE PEDREZUELA 18,28017,234 - Marqués de Corbera 52,Avenida Marqués de Corbera nº 52,350.79709043123097
Colegio Público Leopoldo Calvo Sotelo,CALLE CASTIELLO DE JACA 2,28050,249 - Manuel Caldeiro,Paseo de la Castellana nº 298,2644.234275541556
Colegio Público Lepanto,CALLE VALDERREY 9,28035,239 - Francos Rodríguez,Calle Francos Rodríguez nº 62,1953.2797897804185
Colegio Público Lope de Vega,CALLE INGLATERRA 8,28019,212 - Marqués de Vadillo,Glorieta Marqués de Vadillo nº 9,845.2945381922733
Colegio Público Lorenzo Luzuriaga,CALLE VALENCIA DE DON JUAN 13,28034,217 - Pedro Rico,Calle Pedro Rico nº 4,1591.7634377233837
Colegio Público Los Almendros,CALLE LADERA DE LOS ALMENDROS 45,28032,221 - Pavones,Calle Hacienda de Pavones nº 342,1082.7144193096083
Colegio Público Los Rosales,AVENIDA LOS ROSALES 131,28021,235 - Embajadores 191,Calle Sodio nº 1B,4402.562118723378
Colegio Público Loyola de Palacio,CALLE EMBALSE DE NAVACERRADA 60,28051,221 - Pavones,Calle Hacienda de Pavones nº 342,5983.498610685187
Colegio Público Luis Bello,CALLE LUIS CABRERA 66,28002,196 - Prosperidad,Calle Suero de Quiñones nº 2,184.92935957267596
Colegio Público Luis Cernuda,CALLE CARRIL DEL CONDE 64,28043,230 - Carlota O’Neill,Calle Carlota O'Neill nº 32,2039.057064690684
Colegio Público Luis de Góngora,CALLE SARRIA 49,28029,239 - Francos Rodríguez,Calle Francos Rodríguez nº 62,2113.170504389204
Colegio Público Madrid Sur,CALLE PUERTO DE BALBARAN 133,28018,227 - Concordia,Calle Arroyo del Olivar nº 6,2254.622215669175
Colegio Público Maestro Padilla,AVENIDA PESETA 112,28054,212 - Marqués de Vadillo,Glorieta Marqués de Vadillo nº 9,5244.2046577208075
Colegio Público Manuel Bartolomé Cossío,CALLE JOSE DE CADALSO 19,28044,224 - Caramuel,Calle Caramuel nº 51,5725.863329474486
Colegio Público Manuel Núñez de Arenas,CALLE MARTOS 120,28053,227 - Concordia,Calle Arroyo del Olivar nº 6,2120.206685099161
Colegio Público Manuel Sáinz de Vicuña,CALLE CAMINO DE LOS VINATEROS 104,28030,220 - Plaza del Encuentro,Calle Arroyo de las Pilillas nº 6,388.85657744647926
Colegio Público Manuel de Falla,CALLE JOSE ORTU&amp;Ntilde;O PONCE 2,28021,213 - Glorieta de Cádiz,Calle Antonio López nº 129,4789.957305010468
Colegio Público Marcelo Usera,CALLE PERALES DE TAJUÑA 1,28026,213 - Glorieta de Cádiz,Calle Antonio López nº 129,209.27037082279364
Colegio Público Margaret Thatcher,GLORIETA PLAYA DE SAN LORENZO 4,28042,230 - Carlota O’Neill,Calle Carlota O'Neill nº 32,7173.433061171677
Colegio Público Mariano José de Larra,CALLE LONGARES 11,28022,215 - Gutierre de Cetina,Calle Gutierre de Cetina nº 77,3573.026414809154
Colegio Público Marqués de Marcenado,CALLE LINNEO 31,28005,236 - Paseo Imperial,Paseo Imperial nº 20,473.37462691522677
Colegio Público Marqués de Suanzes,AVENIDA VEINTICINCO DE SEPTIEMBRE 1,28027,215 - Gutierre de Cetina,Calle Gutierre de Cetina nº 77,2362.5209106372654
Colegio Público Martínez Montañés,CALLE HACIENDA DE PAVONES 223,28030,221 - Pavones,Calle Hacienda de Pavones nº 342,187.87579514545212
Colegio Público María Moliner,CALLE ARCOS DE JALON 34,28037,215 - Gutierre de Cetina,Calle Gutierre de Cetina nº 77,2580.1499182961056
Colegio Público María de Villota,CALLE ENRIQUE GARCIA ALVAREZ 11,28031,221 - Pavones,Calle Hacienda de Pavones nº 342,2953.753781684284
Colegio Público Menéndez Pelayo,CALLE MENDEZ ALVARO 16,28045,80b - Atocha B,Paseo de la Infanta Isabel nº 3,256.1708782419444
Colegio Público Menéndez Pidal,CALLE ENCOMIENDA DE PALACIOS 85,28030,221 - Pavones,Calle Hacienda de Pavones nº 342,733.042717804194
Colegio Público Meseta de Orcasitas,CALLE CAMINO VIEJO DE VILLAVERDE 1,28041,213 - Glorieta de Cádiz,Calle Antonio López nº 129,2217.4907824434504
Colegio Público Mesonero Romanos,CALLE PONT DE MOLINS 31,28038,221 - Pavones,Calle Hacienda de Pavones nº 342,1321.564131642559
Colegio Público Miguel Blasco Vilatela,CALLE HERMANOS GARCIA NOBLEJAS 70,28037,215 - Gutierre de Cetina,Calle Gutierre de Cetina nº 77,983.1511895341673
Colegio Público Miguel Servet,CALLE FRAGATA 33,28019,224 - Caramuel,Calle Caramuel nº 51,1911.8707168588483
Colegio Público Miguel de Unamuno,CALLE ALICANTE 5,28045,176 - Beata,Calle Alicante nº 3,28.06350383316963
Colegio Público Mirasierra,CALLE LA MASO 22,28034,217 - Pedro Rico,Calle Pedro Rico nº 4,3081.25525343885
Colegio Público Monte de El Pardo,AVENIDA GUARDIA 19,28048,261 - Facultad Derecho,Avenida Complutense nº 23,8897.937651032245
Colegio Público Méjico (México),AVENIDA BADAJOZ 74,28027,230 - Carlota O’Neill,Calle Carlota O'Neill nº 32,207.86048973516083
Colegio Público Méndez Núñez,CALLE ALICUN 9,28033,252 - Chamartín,Calle Rodríguez Jaén nº 40,2829.695761864164
Colegio Público Navas de Tolosa,CALLE BENIMAMET 109,28021,235 - Embajadores 191,Calle Sodio nº 1B,5032.065080471244
Colegio Público Nuestra Señora de la Almudena,CALLE LOPE DE RUEDA 48,28009,181 - Retiro-Ibiza,Calle Ibiza nº 18,164.52819646174535
Colegio Público Nuestra Señora de la Concepción,CALLE VIRGEN DEL SAGRARIO 24,28027,229 - C.D. Concepción,Calle Jose del Hierro nº 5,188.92605620845796
Colegio Público Nuestra Señora de la Fuencisla,CALLE TOMELLOSO 39,28026,213 - Glorieta de Cádiz,Calle Antonio López nº 129,997.2110167677737
Colegio Público Nuestra Señora de la Luz,CALLE MAGNESIA 9,28021,213 - Glorieta de Cádiz,Calle Antonio López nº 129,5078.09940561499
Colegio Público Nuestra Señora de la Paloma,CALLE TABERNILLAS 2,28005,38 - Plaza de los Carros,Carrera de San Francisco nº 1,37.05888360288155
Colegio Público Nuestra Señora del Lucero,CALLE MUÑICO 1,28047,224 - Caramuel,Calle Caramuel nº 51,1583.5792704775831
Colegio Público Nuria Espert,CALLE MARIA REICHE 34,28055,230 - Carlota O’Neill,Calle Carlota O'Neill nº 32,6446.511774672316
Colegio Público Pablo Picasso,CALLE ANGEL LUIS DE LA HERRAN 35,28043,230 - Carlota O’Neill,Calle Carlota O'Neill nº 32,3021.3218093894416
Colegio Público Padre Coloma,CALLE GUTIERREZ CANALES 19,28022,215 - Gutierre de Cetina,Calle Gutierre de Cetina nº 77,3584.4265187723336
Colegio Público Padre Mariana,RONDA SUR 145,28053,227 - Concordia,Calle Arroyo del Olivar nº 6,1963.017878345545
Colegio Público Padre Poveda,AVENIDA ALFONSO XIII 23,28002,251 - Corazón de María,Calle Santa Hortensia nº 31,786.5721618430567
Colegio Público Palacio Valdés,PASEO PRADO 38,28014,67 - Almadén,Calle Almadén nº 28,46.84302565079934
Colegio Público Palomeras Bajas,CALLE FELIPE DE DIEGO 6,28018,227 - Concordia,Calle Arroyo del Olivar nº 6,1724.6405656661486
Colegio Público Parque Aluche,CALLE QUERO 47,28024,224 - Caramuel,Calle Caramuel nº 51,4155.510557971418
Colegio Público Parque Eugenia de Montijo,CALLE PARQUE EUGENIA DE MONTIJO 28,28047,224 - Caramuel,Calle Caramuel nº 51,4335.1837962572035
Colegio Público Pasamonte,AVENIDA DOCTOR GARCIA TAPIA 47,28030,219 - Marroquina,Calle Camino de los Vinateros nº 108,469.9540202680987
Colegio Público Patriarca Obispo Eijo y Garay,CALLE LOPEZ DE HOYOS 40,28006,140 - Velázquez 130,Calle Velázquez nº 130,216.50890959694956
Colegio Público Pedro Duque,CALLE MARMOLINA 5,28032,221 - Pavones,Calle Hacienda de Pavones nº 342,3063.0985868913217
Colegio Público Perú,CALLE BALEARES 18,28019,228 - San Delfín,Calle San Delfín nº 9,586.3084050389361
Colegio Público Pi I Margall,PLAZA DOS DE MAYO 2,28004,11 - San Andrés,Calle San Andrés nº 18,111.7513614954773
Colegio Público Pinar de San José,CALLE PATRIMONIO DE LA HUMANIDAD 39,28054,224 - Caramuel,Calle Caramuel nº 51,6506.280741133302
Colegio Público Pinar del Rey,AVENIDA SAN LUIS 23,28033,254 - Pío XII,Avenida Pío XII nº 3,2840.7588214176612
Colegio Público Pintor Rosales,CALLE PRINCIPE DE VERGARA 139,28002,146 - María Francisca 1,Calle María Francisca nº 1,45.19290236374804
Colegio Público Plácido Domingo,CALLE TEJO 5,28045,180 - Méndez Álvaro,Calle Retama nº 5,459.27809562455064
Colegio Público Portugal,CALLE JUAN ALVAREZ MENDIZABAL 20,28008,14 - Ventura Rodríguez,Calle Duque de Liria,206.70688694182866
Colegio Público Pradolongo,CALLE PARQUE DE LA PALOMA 9,28026,228 - San Delfín,Calle San Delfín nº 9,1929.8100728157362
Colegio Público Príncipe de Asturias,CALLE KANT 2,28049,217 - Pedro Rico,Calle Pedro Rico nº 4,6797.14266748107
Colegio Público Puerto Rico,CALLE SEGURA 74,28041,213 - Glorieta de Cádiz,Calle Antonio López nº 129,3173.10113274156
Colegio Público Pío Baroja,CALLE LUIS DE HOYOS SAINZ 84,28030,221 - Pavones,Calle Hacienda de Pavones nº 342,514.7002870453736
Colegio Público Pío XII,CALLE DELFIN 2,28029,207 - Remonta,Calle Azucenas nº 1,580.633062777114
Colegio Público Rabindranath Tagore,CALLE JULIO PALACIOS 35,28029,217 - Pedro Rico,Calle Pedro Rico nº 4,860.1594146363203
Colegio Público Ramiro de Maeztu,CALLE SERRANO 127,28006,250 - Serrano 113,Calle Serrano nº 113B,115.1617740358467
Colegio Público Ramón Gómez de la Serna,CALLE GODELLA 170,28021,235 - Embajadores 191,Calle Sodio nº 1B,5518.272852352694
Colegio Público Ramón María del Valle Inclán,CALLE ALCONERA 1,28037,215 - Gutierre de Cetina,Calle Gutierre de Cetina nº 77,2533.568867836025
Colegio Público Ramón Pérez de Ayala,CALLE MOTILLA DEL PALANCAR 19,28043,230 - Carlota O’Neill,Calle Carlota O'Neill nº 32,3071.200291751231
Colegio Público Real Armada,CALLE CORREGIDOR JUAN FRANCISCO DE LUJAN 114,28030,219 - Marroquina,Calle Camino de los Vinateros nº 108,741.0263017429271
Colegio Público Regimiento Inmemorial del Rey,AVENIDA MORATALAZ 51,28030,218 - Camino Vinateros,Calle Camino de los Vinateros nº 28,352.79954606100614
Colegio Público Reina Victoria,CALLE PRINCIPE DE VERGARA 61,28006,143 - Diego de León 52,Calle Diego de León nº 52,179.2621695912162
Colegio Público República Dominicana,RONDA DON BOSCO 2,28044,224 - Caramuel,Calle Caramuel nº 51,4510.354147198802
Colegio Público República de Brasil,AVENIDA FUEROS 34,28041,235 - Embajadores 191,Calle Sodio nº 1B,2095.4945801178337
Colegio Público República de Chile,CALLE CASTILLO DE UCLES 28,28037,215 - Gutierre de Cetina,Calle Gutierre de Cetina nº 77,1816.964341270334
Colegio Público República de Colombia,PLAZA ALLOZ 3,28025,212 - Marqués de Vadillo,Glorieta Marqués de Vadillo nº 9,3374.9828617592593
Colegio Público República de Ecuador,CALLE VALLE DE ORO 41,28019,212 - Marqués de Vadillo,Glorieta Marqués de Vadillo nº 9,1528.1092394384862
Colegio Público República de El Salvador,CALLE SACEDON 2,28021,213 - Glorieta de Cádiz,Calle Antonio López nº 129,4398.643906545639
Colegio Público República de Panamá Nº 1,CALLE PEONES 2,28037,215 - Gutierre de Cetina,Calle Gutierre de Cetina nº 77,2632.165140752966
Colegio Público República de Paraguay,CALLE MANRESA 60,28034,217 - Pedro Rico,Calle Pedro Rico nº 4,1427.6932616430174
Colegio Público República de Uruguay,AVENIDA NUESTRA SEÑORA DE VALVANERA 120,28047,224 - Caramuel,Calle Caramuel nº 51,2246.5203837555296
Colegio Público República de Venezuela,CALLE CERECINOS 8,28026,228 - San Delfín,Calle San Delfín nº 9,1356.2086324092102
Colegio Público Rosa Luxemburgo,CALLE BARDEGUERAL 16,28023,261 - Facultad Derecho,Avenida Complutense nº 23,4709.366878313905
Colegio Público Rufino Blanco,CALLE GENERAL ALVAREZ DE CASTRO 46,28010,201 - Canal,Calle José Abascal frente al nº 2,162.31477057686138
Colegio Público Sagunto,CALLE PATERNA 14,28021,235 - Embajadores 191,Calle Sodio nº 1B,5388.423471086323
Colegio Público San Benito,CALLE JUAN PEREZ ZUÑIGA 36,28027,230 - Carlota O’Neill,Calle Carlota O'Neill nº 32,235.19276318467038
Colegio Público San Carlos,CALLE VILLASTAR 8,28021,213 - Glorieta de Cádiz,Calle Antonio López nº 129,5149.116318072804
Colegio Público San Cristóbal,CALLE BRAVO MURILLO 41,28015,201 - Canal,Calle José Abascal frente al nº 2,156.66842958435183
Colegio Público San Eugenio y San Isidro,CALLE PEÑUELAS 31,28005,170 - Paseo de la Esperanza,Paseo de la Esperanza nº 21,183.37352575854388
Colegio Público San Ignacio de Loyola,AVENIDA ABRANTES 1,28025,212 - Marqués de Vadillo,Glorieta Marqués de Vadillo nº 9,1597.5138698483972
Colegio Público San Ildefonso,CALLE ALFONSO VI 1,28005,166 - Segovia 26,Calle Segovia nº 26,178.56268141233585
Colegio Público San Isidoro,CALLE FUENTERRABIA 15,28014,79 - Puerta de Granada,Avenida de Menéndez Pelayo nº 38,185.39960697388594
Colegio Público San Juan Bautista,CALLE SORZANO 1,28043,214 - Condesa de Venadito,Calle Condesa de Venadito nº 2,909.6583470670541
Colegio Público San Juan Bosco,CALLE SANTA IRENE 2,28017,233 - Marqués de Corbera 12,Avenida Marqués de Corbera nº 12,494.7930942258242
Colegio Público San Juan de la Cruz,CALLE HONDURAS 10,28016,254 - Pío XII,Avenida Pío XII nº 3,287.0906962882969
Colegio Público San Miguel,AVENIDA VIRGEN DEL CARMEN 32,28033,254 - Pío XII,Avenida Pío XII nº 3,3183.8962688698193
Colegio Público San Pablo,PLAZA PE&amp;Ntilde;A MORRAZ 1,28038,226 - Sierra Toledana,Camino de Valderribas nº 94,1468.7363969334478
Colegio Público San Roque,CALLE OXIGENO 43,28021,213 - Glorieta de Cádiz,Calle Antonio López nº 129,4697.169830763079
Colegio Público Santa María,CALLE CASINO 7,28005,46 - Ribera de Curtidores,Calle Ribera de Curtidores nº 28,93.44977432360452
Colegio Público Santo Domingo,CALLE SAN FELIU DE GUIXOLS 7,28038,221 - Pavones,Calle Hacienda de Pavones nº 342,1566.8046653605472
Colegio Público Tirso de Molina,CALLE BRONCE 1,28045,235 - Embajadores 191,Calle Sodio nº 1B,413.64906092231536
Colegio Público Tomás Bretón,CALLE ALEJANDRO DUMAS 4,28005,169 - Pirámides,Calle Toledo nº 181,237.27635897694967
Colegio Público Valdebernardo,CALLE TREN DE ARGANDA 9,28032,221 - Pavones,Calle Hacienda de Pavones nº 342,1898.5594070982822
Colegio Público Vasco Núñez de Balboa,CALLE NUESTRA SEÑORA DE VALVERDE 149,28034,217 - Pedro Rico,Calle Pedro Rico nº 4,2051.076001652889
Colegio Público Vicálvaro,CALLE FORGES 15,28032,221 - Pavones,Calle Hacienda de Pavones nº 342,3771.5768718038253
Colegio Público Virgen del Cerro,CALLE MOHERNANDO 1,28038,220 - Plaza del Encuentro,Calle Arroyo de las Pilillas nº 6,1161.3725289985907
Colegio Público Virgen del Cortijo,AVENIDA MANOTERAS 63,28050,249 - Manuel Caldeiro,Paseo de la Castellana nº 298,2954.9378984865252
Colegio Público Vázquez de Mella,CALLE BAILEN 18,28005,37 - Plaza de San Francisco,Plaza de San Francisco nº 5,144.7707877768594
Colegio Público Winston Churchill,AVENIDA GRAN VIA DEL ESTE 5,28032,221 - Pavones,Calle Hacienda de Pavones nº 342,4390.107730591442
Colegio Público de Practicas Asunción Rincón,AVENIDA FILIPINAS 5,28003,202 - Parque Santander,Calle Santander esquina con Avenida de Filipinas,349.376900516062
Colegio Público Álvaro de Bazan,CALLE ZURICH 10,28022,221 - Pavones,Calle Hacienda de Pavones nº 342,3854.8405971749944
Escuela infantil municipal Agua Dulce,CALLE LEÑEROS 25,28039,237 - Pablo Iglesias,Calle Francisco Balseiro nº 1,329.8103153997358
Escuela infantil municipal Altair,CALLE JOSE DE CADALSO 43,28044,224 - Caramuel,Calle Caramuel nº 51,5656.053381651263
Escuela infantil municipal Amanecer,CALLE TITANIO 7,28032,221 - Pavones,Calle Hacienda de Pavones nº 342,3745.761408467255
Escuela infantil municipal Ana de Austria,CALLE ANA DE AUSTRIA 32,28050,249 - Manuel Caldeiro,Paseo de la Castellana nº 298,3757.4467986469167
Escuela infantil municipal Antonio Mercero,AVENIDA VALLADOLID 49,28008,112 - Paseo de Moret,Paseo de Moret nº 11,867.9492922864433
Escuela infantil municipal Campanilla,CALLE AVILA 4,28020,205 - Estrecho,Calle Navarra nº 1,168.2179545056407
Escuela infantil municipal Cañaveral,CALLE ENRIQUE URQUIJO 56,28052,221 - Pavones,Calle Hacienda de Pavones nº 342,8254.290864837943
Escuela infantil municipal Cielo Azul,BULEVAR INDALECIO PRIETO 16,28032,221 - Pavones,Calle Hacienda de Pavones nº 342,1502.603775090957
Escuela infantil municipal Doña Francisquita,CALLE CAMBADOS 1,28050,230 - Carlota O’Neill,Calle Carlota O'Neill nº 32,4418.494579244969
Escuela infantil municipal El Alba,CALLE TOLEDO 181,28005,169 - Pirámides,Calle Toledo nº 181,36.927471536859784
Escuela infantil municipal El Barberillo de Lavapiés,CALLE GRANITO 32,28045,176 - Beata,Calle Alicante nº 3,402.20208074818424
Escuela infantil municipal El Bateo,CALLE PINOS DE OSUNA 3,28042,215 - Gutierre de Cetina,Calle Gutierre de Cetina nº 77,5946.702451322833
Escuela infantil municipal El Bosque,CALLE DELICIAS 32,28045,168 - Batalla del Salado,Paseo Santa María de la Cabeza nº 29,43.64129648160612
Escuela infantil municipal El Caserío,CALLE MARIA TERESA ROBLEDO 3,28018,227 - Concordia,Calle Arroyo del Olivar nº 6,1157.6214734570563
Escuela infantil municipal El Duende,PLAZA DOS DE MAYO 2,28004,11 - San Andrés,Calle San Andrés nº 18,111.7513614954773
Escuela infantil municipal El Fresno,CALLE MARIA CASARES 15,28049,217 - Pedro Rico,Calle Pedro Rico nº 4,4311.713378788642
Escuela infantil municipal El Lirón,CALLE PICO DE LOS ARTILLEROS 123,28030,219 - Marroquina,Calle Camino de los Vinateros nº 108,878.7045350862953
Escuela infantil municipal El Mamut,CALLE GANADOS DEL SALOBRAL 7,28021,235 - Embajadores 191,Calle Sodio nº 1B,5937.355270414728
Escuela infantil municipal El Manantial,CALLE CARLOS FUENTES 2,28047,224 - Caramuel,Calle Caramuel nº 51,1884.9653132478422
Escuela infantil municipal El Olivar,CALLE OLIVAR 48,28012,43 - Jesús y María,Calle Lavapiés nº 34,125.37669932977315
Escuela infantil municipal El Rocío,CARRETERA CARABANCHEL A VILLAVERDE 107,28041,213 - Glorieta de Cádiz,Calle Antonio López nº 129,4289.159449657637
Escuela infantil municipal El Sol,CALLE ENRIQUE JARDIEL PONCELA 8,28016,254 - Pío XII,Avenida Pío XII nº 3,760.5589720836821
Escuela infantil municipal El Tren de Arganda,PLAZA DOCTOR LAGUNA 11,28009,71 - Doce de Octubre,Calle Doce de Octubre nº 28,164.20368005157965
Escuela infantil municipal Elena Fortún,AVENIDA MONASTERIO DE SILOS 57,28049,217 - Pedro Rico,Calle Pedro Rico nº 4,2766.916219731394
Escuela infantil municipal Escuelas de San Antón,CALLE FARMACIA 13,28004,6 - Colegio Arquitectos,Calle Hortaleza nº 63,55.48090832674435
Escuela infantil municipal Fernando el Católico,CALLE FERNANDO EL CATOLICO 16,28015,127 - Fernando el Católico,Calle Fernando el Católico nº 19,147.74155175127538
Escuela infantil municipal Gigantes y Cabezudos,CALLE RAFAEL BERGAMIN 28,28043,214 - Condesa de Venadito,Calle Condesa de Venadito nº 2,873.6103565108193
Escuela infantil municipal Hiedra,CALLE AMPOSTA 34,28037,215 - Gutierre de Cetina,Calle Gutierre de Cetina nº 77,2541.9705080808585
Escuela infantil municipal La Alegría de la Huerta,CALLE HELSINKI 2,28022,215 - Gutierre de Cetina,Calle Gutierre de Cetina nº 77,4318.582736706271
Escuela infantil municipal La Ardilla,CALLE PRINCIPE CARLOS (C/V PINTOR IGNACIO ZULOAGA) 1,28050,249 - Manuel Caldeiro,Paseo de la Castellana nº 298,3807.835570932759
Escuela infantil municipal La Bola de Cristal,CALLE ISLAS BISAGOS 13,28039,239 - Francos Rodríguez,Calle Francos Rodríguez nº 62,1489.585006906807
Escuela infantil municipal La Brisa,AVENIDA ASTURIAS 72,28029,207 - Remonta,Calle Azucenas nº 1,1153.1865666658946
Escuela infantil municipal La Bruja Avería - Lolo Rico,CALLE RODAS 20,28005,44 - Plaza de Nelson Mandela,Calle Mesón de Paredes nº 35,317.85559575178206
Escuela infantil municipal La Caracola,CALLE BELORADO 1,28034,217 - Pedro Rico,Calle Pedro Rico nº 4,877.5757588853289
Escuela infantil municipal La Chulapona,CALLE BAHIA DE PALMA 13,28042,215 - Gutierre de Cetina,Calle Gutierre de Cetina nº 77,6584.274983082494
Escuela infantil municipal La Colina,CALLE NUESTRA SEÑORA DE ARACELI 2,28042,215 - Gutierre de Cetina,Calle Gutierre de Cetina nº 77,8357.094603403759
Escuela infantil municipal La Cornisa,CALLE CRISTO DE LA VICTORIA 23,28026,213 - Glorieta de Cádiz,Calle Antonio López nº 129,883.6304952229563
Escuela infantil municipal La Corte de Faraón,CALLE CHANTADA 41,28035,239 - Francos Rodríguez,Calle Francos Rodríguez nº 62,1988.7062495676332
Escuela infantil municipal La Gran Vía,CALLE SILVANO 99,28043,230 - Carlota O’Neill,Calle Carlota O'Neill nº 32,2672.7960539230294
Escuela infantil municipal La Luna,CALLE BENIMAMET 109,28021,235 - Embajadores 191,Calle Sodio nº 1B,5032.065080471244
Escuela infantil municipal La Melonera,CALLE EROS 2,28045,180 - Méndez Álvaro,Calle Retama nº 5,520.7819103750049
Escuela infantil municipal La Oliva,CALLE GAINZA 46,28041,213 - Glorieta de Cádiz,Calle Antonio López nº 129,3089.1981011123535
Escuela infantil municipal La Paloma,CALLE TABERNILLAS 2,28005,38 - Plaza de los Carros,Carrera de San Francisco nº 1,37.05888360288155
Escuela infantil municipal La Patria Chica,CALLE PATRIMONIO DE LA HUMANIDAD 31,28054,224 - Caramuel,Calle Caramuel nº 51,6529.866935204619
Escuela infantil municipal La Revoltosa,CALLE JOSE ANTONIO REBOLLEDO Y PALMA 18,28051,221 - Pavones,Calle Hacienda de Pavones nº 342,6362.8158631619435
Escuela infantil municipal La Rosa del Azafrán,CALLE CUEVA DE MONTESINOS 2,28034,217 - Pedro Rico,Calle Pedro Rico nº 4,2161.6028446470673
Escuela infantil municipal La Verbena de la Paloma,CALLE FUERTE DE NAVIDAD 17,28044,224 - Caramuel,Calle Caramuel nº 51,5263.940804618518
Escuela infantil municipal La del Manojo de Rosas,CALLE RAVENA 12,28032,221 - Pavones,Calle Hacienda de Pavones nº 342,2855.1922328255523
Escuela infantil municipal La del Soto del Parral,CALLE TROMPAS 19,28054,224 - Caramuel,Calle Caramuel nº 51,6055.379786643879
Escuela infantil municipal Las Amapolas,CALLE OBOLO 14,28054,212 - Marqués de Vadillo,Glorieta Marqués de Vadillo nº 9,4126.031650016111
Escuela infantil municipal Las Azaleas,CALLE PORTUGALETE 6,28017,215 - Gutierre de Cetina,Calle Gutierre de Cetina nº 77,733.5743322990647
Escuela infantil municipal Las Leandras,CALLE DEYANIRA 2,28022,215 - Gutierre de Cetina,Calle Gutierre de Cetina nº 77,5471.053946706501
Escuela infantil municipal Las Mercedes,CALLE SAMANIEGO 22,28022,215 - Gutierre de Cetina,Calle Gutierre de Cetina nº 77,6906.686663495915
Escuela infantil municipal Las Nubes,CALLE ANTONIO NEBRIJA 7,28007,119 - Méndez Álvaro,Calle Méndez Álvaro nº 11,346.89181869482763
Escuela infantil municipal Las Pléyades,AVENIDA SECUNDINO ZUAZO 34,28055,230 - Carlota O’Neill,Calle Carlota O'Neill nº 32,6571.4671124653605
Escuela infantil municipal Las Viñas,CALLE ESTUDIO 6,28023,261 - Facultad Derecho,Avenida Complutense nº 23,6372.656651467286
Escuela infantil municipal Los Gavilanes,CALLE TIZIANO 7,28020,205 - Estrecho,Calle Navarra nº 1,283.714189685921
Escuela infantil municipal Los Juncos,PLAZA JUVENTUD 7,28032,221 - Pavones,Calle Hacienda de Pavones nº 342,3358.4284288308595
Escuela infantil municipal Los Pinos,CALLE ROCAFORT 2,28021,235 - Embajadores 191,Calle Sodio nº 1B,5345.620250454459
Escuela infantil municipal Los sobrinos del Capitan Grant,AVENIDA LA GAVIA 22,28051,221 - Pavones,Calle Hacienda de Pavones nº 342,3929.751335593288
Escuela infantil municipal Luis Bello,CALLE JUAN BAUTISTA DE TOLEDO 5,28002,196 - Prosperidad,Calle Suero de Quiñones nº 2,142.08497620195618
Escuela infantil municipal Luisa Fernanda,CALLE COCHERON DE LA VILLA 29,28031,221 - Pavones,Calle Hacienda de Pavones nº 342,2103.61145281713
Escuela infantil municipal Margarita Salas,CALLE CAVANILLES 58,28007,84 - Valderribas,Calle Doctor Esquerdo nº 191,130.46506087161987
Escuela infantil municipal Molinos de Viento,CAMINO FUENTE DE ARRIBA 4,28032,221 - Pavones,Calle Hacienda de Pavones nº 342,2769.8936669055674
Escuela infantil municipal Osa Menor,CALLE MEJIA LEQUERICA 21,28004,54 - Barceló,Calle Barceló nº 7,182.7202013890478
Escuela infantil municipal Parque de Ingenieros,CALLE LA TABERNERA DEL PUERTO 26,28041,213 - Glorieta de Cádiz,Calle Antonio López nº 129,3798.9930431126977
Escuela infantil municipal Pensamiento,CALLE MIRASIERRA 27,28026,222 - Antonio López,Calle Eugenio Caxes frente al nº 12,379.0166882558299
Escuela infantil municipal Poeta Gloria Fuertes,CALLE EUNATE 6,28050,217 - Pedro Rico,Calle Pedro Rico nº 4,2862.7442735223945
Escuela infantil municipal Ruiz Jiménez,CALLE JOSE PICON 17,28028,191 - Diego de león,Calle Alonso Heredia nº 1,188.19400639522064
Escuela infantil municipal Sabina,CALLE CAÑÓN DEL RIO LOBOS 4,28030,221 - Pavones,Calle Hacienda de Pavones nº 342,578.0506757653006
Escuela infantil municipal San Blas,CALLE JOSEFA VALCARCEL 152,28022,215 - Gutierre de Cetina,Calle Gutierre de Cetina nº 77,3933.2007898465768
Escuela infantil municipal Tarabilla,CALLE GANDHI 14,28017,215 - Gutierre de Cetina,Calle Gutierre de Cetina nº 77,949.0645010611307
Escuela infantil municipal VeoVeo,CALLE CONDESA DE VENADITO 3,28027,214 - Condesa de Venadito,Calle Condesa de Venadito nº 2,255.29561463965152
Escuela infantil municipal Villa de Vallecas,CALLE EMBALSE DE NAVACERRADA 62,28049,217 - Pedro Rico,Calle Pedro Rico nº 4,4311.713378788642
